{
  "status": "exact F5 coset gluing; Arb K values; floating sampled collocation; not certified eta",
  "parameters": {
    "M": 28,
    "Y0": 0.8,
    "n_face": 27,
    "bits": 160,
    "r_scan": "6.4:6.8:5"
  },
  "sample_kind": "interior",
  "cusp_lattices": {
    "infinity": "Z[i]",
    "zero_dual": "(2+i)/5 Z[i]"
  },
  "rows": [
    {
      "r": 6.4,
      "n_rows": 10368,
      "n_coefficients": 176,
      "physical": {
        "shape": [
          10368,
          176
        ],
        "sigma_max": 0.006657950160294892,
        "sigma_min": 1.2317490529032555e-11,
        "condition_2": 540528133.1129892,
        "rank_rtol_1e-12": 176,
        "nullity_rtol_1e-12": 0
      },
      "preconditioned": {
        "shape": [
          10368,
          176
        ],
        "sigma_max": 265.8114337614633,
        "sigma_min": 1.976812032746037,
        "condition_2": 134.46469839229897,
        "rank_rtol_1e-12": 176,
        "nullity_rtol_1e-12": 0
      },
      "column_normalized": {
        "shape": [
          7776,
          176
        ],
        "sigma_max": 1.8906679507876658,
        "sigma_min": 0.02641426494753866,
        "condition_2": 71.57753412948341,
        "rank_rtol_1e-12": 176,
        "nullity_rtol_1e-12": 0
      },
      "equilibrated": {
        "shape": [
          7776,
          176
        ],
        "sigma_max": 73.65172202040668,
        "sigma_min": 1.2840309119150113,
        "condition_2": 57.359773302156775,
        "rank_rtol_1e-12": 176,
        "nullity_rtol_1e-12": 0
      },
      "equilibration_ledger_relative_error": 2.3125811879669695e-16,
      "reference_rms_after_normalization": 1.0,
      "physical_relative_residual": 6.689403746789713e-09,
      "sampled_residual_l2": 3.2126228337414244,
      "sampled_residual_rms": 0.03155093598796256,
      "sampled_residual_max": 0.3471340603605678,
      "sampled_interval_row_upper_max": 0.3471340603605678,
      "per_relation": {
        "T1": {
          "n_rows": 2592,
          "max_mid_abs": 4.707148996537507e-15,
          "rms_mid_abs": 8.496473872053486e-16,
          "max_entry_interval_upper": 4.707148996537507e-15
        },
        "R": {
          "n_rows": 2592,
          "max_mid_abs": 0.12675506580049953,
          "rms_mid_abs": 0.011192330026383656,
          "max_entry_interval_upper": 0.12675506580049953
        },
        "TiR": {
          "n_rows": 2592,
          "max_mid_abs": 0.12675506580049792,
          "rms_mid_abs": 0.011192330026383566,
          "max_entry_interval_upper": 0.12675506580049792
        },
        "S": {
          "n_rows": 2592,
          "max_mid_abs": 0.3471340603605678,
          "rms_mid_abs": 0.061084447644446024,
          "max_entry_interval_upper": 0.3471340603605678
        }
      },
      "sigma_values_tail": [
        6.514194545429892,
        6.213517524443972,
        5.66623771324143,
        5.215936271311037,
        5.0958544357319955,
        3.842167031800096,
        2.6809656286981114,
        1.2840309119150108
      ],
      "amplitude_dynamic_range": 62152874.17051869,
      "coefficient_norm_2": 72132634277.21902,
      "n_rows_total": 10368,
      "n_rows_active": 7776,
      "n_rows_structurally_zero": 2592,
      "left_scale_range": [
        4.967238992543416,
        295.477920139249
      ],
      "right_scale_range": [
        0.9999999999999984,
        1.022351059204583
      ]
    },
    {
      "r": 6.5,
      "n_rows": 10368,
      "n_coefficients": 176,
      "physical": {
        "shape": [
          10368,
          176
        ],
        "sigma_max": 0.0057150790667515276,
        "sigma_min": 1.2015994772926252e-11,
        "condition_2": 475622632.56209254,
        "rank_rtol_1e-12": 176,
        "nullity_rtol_1e-12": 0
      },
      "preconditioned": {
        "shape": [
          10368,
          176
        ],
        "sigma_max": 361.54853853918803,
        "sigma_min": 1.1660255653021294,
        "condition_2": 310.0691351012591,
        "rank_rtol_1e-12": 176,
        "nullity_rtol_1e-12": 0
      },
      "column_normalized": {
        "shape": [
          7776,
          176
        ],
        "sigma_max": 1.888595101895402,
        "sigma_min": 0.014984953230997826,
        "condition_2": 126.03276585399414,
        "rank_rtol_1e-12": 176,
        "nullity_rtol_1e-12": 0
      },
      "equilibrated": {
        "shape": [
          7776,
          176
        ],
        "sigma_max": 73.99209077108922,
        "sigma_min": 0.7273471744817309,
        "condition_2": 101.72871135962282,
        "rank_rtol_1e-12": 176,
        "nullity_rtol_1e-12": 0
      },
      "equilibration_ledger_relative_error": 2.3442077243029406e-16,
      "reference_rms_after_normalization": 0.9999999999999999,
      "physical_relative_residual": 7.845432434470107e-09,
      "sampled_residual_l2": 1.8378058776012123,
      "sampled_residual_rms": 0.0180489583132821,
      "sampled_residual_max": 0.1963337706811262,
      "sampled_interval_row_upper_max": 0.1963337706811262,
      "per_relation": {
        "T1": {
          "n_rows": 2592,
          "max_mid_abs": 4.6947491839848995e-15,
          "rms_mid_abs": 9.052002285170491e-16,
          "max_entry_interval_upper": 4.6947491839848995e-15
        },
        "R": {
          "n_rows": 2592,
          "max_mid_abs": 0.07041107478696945,
          "rms_mid_abs": 0.006234489944966135,
          "max_entry_interval_upper": 0.07041107478696945
        },
        "TiR": {
          "n_rows": 2592,
          "max_mid_abs": 0.0704110747869684,
          "rms_mid_abs": 0.006234489944966072,
          "max_entry_interval_upper": 0.0704110747869684
        },
        "S": {
          "n_rows": 2592,
          "max_mid_abs": 0.1963337706811262,
          "rms_mid_abs": 0.03500459762703484,
          "max_entry_interval_upper": 0.1963337706811262
        }
      },
      "sigma_values_tail": [
        6.218587935807239,
        5.7872556652497575,
        5.640530564618506,
        5.217519173399134,
        5.038007167284802,
        3.3068431241957685,
        2.4380209174522256,
        0.7273471744817308
      ],
      "amplitude_dynamic_range": 54263170.65568763,
      "coefficient_norm_2": 40988356647.32735,
      "n_rows_total": 10368,
      "n_rows_active": 7776,
      "n_rows_structurally_zero": 2592,
      "left_scale_range": [
        4.976676640175733,
        291.64359984408134
      ],
      "right_scale_range": [
        0.9999999999999978,
        1.02235402323118
      ]
    },
    {
      "r": 6.6,
      "n_rows": 10368,
      "n_coefficients": 176,
      "physical": {
        "shape": [
          10368,
          176
        ],
        "sigma_max": 0.00489183746549167,
        "sigma_min": 1.1723056958135496e-11,
        "condition_2": 417283434.0872892,
        "rank_rtol_1e-12": 176,
        "nullity_rtol_1e-12": 0
      },
      "preconditioned": {
        "shape": [
          10368,
          176
        ],
        "sigma_max": 608.626861005972,
        "sigma_min": 0.2264212762930123,
        "condition_2": 2688.0285765121585,
        "rank_rtol_1e-12": 176,
        "nullity_rtol_1e-12": 0
      },
      "column_normalized": {
        "shape": [
          7776,
          176
        ],
        "sigma_max": 1.8864646025322769,
        "sigma_min": 0.0027918289528140803,
        "condition_2": 675.7092337733574,
        "rank_rtol_1e-12": 176,
        "nullity_rtol_1e-12": 0
      },
      "equilibrated": {
        "shape": [
          7776,
          176
        ],
        "sigma_max": 74.55409684811895,
        "sigma_min": 0.13499167852203695,
        "condition_2": 552.2866125110685,
        "rank_rtol_1e-12": 176,
        "nullity_rtol_1e-12": 0
      },
      "equilibration_ledger_relative_error": 2.385605597725653e-16,
      "reference_rms_after_normalization": 1.0,
      "physical_relative_residual": 9.115017680716737e-09,
      "sampled_residual_l2": 0.3480653483229754,