{
  "M": 48,
  "r": 6.0,
  "Y0": 0.8,
  "theta": 0.5,
  "y_min": 0.7071067811865475,
  "mode": "multi",
  "use_true_height": true,
  "scale": 1.788311123739356e-13,
  "collocation": {
    "kind": "hybrid_collocation_multi",
    "sigma_min": 0.40382050450604373,
    "sigma_max": 21.77508513510866,
    "rel": 0.018545071213290052,
    "tau_disc": 1.7346483594996226e-11,
    "n_modes": 144.0,
    "n_pts": 260.0,
    "n_col": 196.0,
    "n_jump": 64.0,
    "kappa_eq": 53.922683202389905,
    "jump_weight": 5.0
  },
  "per_generator": {
    "T1": {
      "n_samples": 16,
      "delta_max": 7.059341307261172e-15,
      "delta_rms": 2.5445128056780574e-15,
      "jump_max_abs": 1.262429858604788e-27
    },
    "R": {
      "n_samples": 16,
      "delta_max": 0.44309811349733585,
      "delta_rms": 0.14785661610024795,
      "jump_max_abs": 7.923972852752094e-14
    },
    "TiR": {
      "n_samples": 16,
      "delta_max": 0.44309811349733796,
      "delta_rms": 0.1478566161002483,
      "jump_max_abs": 7.923972852752132e-14
    },
    "S": {
      "n_samples": 16,
      "delta_max": 0.023009575385454867,
      "delta_rms": 0.008247903268181447,
      "jump_max_abs": 4.114827961432822e-15
    }
  },
  "delta_aut": 0.44309811349733796,
  "tau_proxy": 0.11280526429791286,
  "eta_production_proxy": 0.5559033777952508,
  "language": "mode=multi: \u03b4_aut = max_\u03b3 max_face |f\u2212f\u2218\u03b3|/\u2016f\u2016 on PAIRINGS faces; true H\u00b3 pullback. Not certified Maass form. Not for hard-map flip.",
  "seconds": 1.467315435409546
}