{
  "language": "larger Poincar\u00e9 + conforming residual",
  "poincare": {
    "M": 32,
    "r": 6.0,
    "Y0": 0.8,
    "collocation": {
      "kind": "hybrid_collocation_multi",
      "sigma_min": 0.41328311274574914,
      "sigma_max": 20.32037949610645,
      "rel": 0.020338356024548535,
      "tau_disc": 2.382277711707344e-09,
      "n_modes": 100.0,
      "n_pts": 208.0,
      "n_col": 144.0,
      "n_jump": 64.0,
      "kappa_eq": 49.168182462387485,
      "jump_weight": 2.0,
      "height_mismatch": 0.0
    },
    "groups": {
      "H_only": {
        "group_size": 5,
        "delta_aut": 0.05538009379156713,
        "scale": 2.747129045516476e-11,
        "per_generator": {
          "T1": {
            "n_samples": 16,
            "delta_max": 3.864131580555857e-15,
            "delta_rms": 1.257025720854295e-15
          },
          "R": {
            "n_samples": 16,
            "delta_max": 0.05538009379156713,
            "delta_rms": 0.018061642978574623
          },
          "TiR": {
            "n_samples": 16,
            "delta_max": 0.05538009379156642,
            "delta_rms": 0.018061642978574544
          },
          "S": {
            "n_samples": 16,
            "delta_max": 0.006580159231984626,
            "delta_rms": 0.002633317024801179
          }
        },
        "factor_vs_H": 1.0
      },
      "words_leq_1": {
        "group_size": 6,
        "delta_aut": 0.4587676204616389,
        "scale": 2.438136805891714e-11,
        "per_generator": {
          "T1": {
            "n_samples": 16,
            "delta_max": 0.4587676204616389,
            "delta_rms": 0.1735943800724902
          },
          "R": {
            "n_samples": 16,
            "delta_max": 0.1034693596961533,
            "delta_rms": 0.037881575474042216
          },
          "TiR": {
            "n_samples": 16,
            "delta_max": 0.05516610646987898,
            "delta_rms": 0.01733648059066499
          },
          "S": {
            "n_samples": 16,
            "delta_max": 0.005563530322188729,
            "delta_rms": 0.0017304249884516362
          }
        },
        "factor_vs_H": 0.12071491387260598
      },
      "words_leq_2": {
        "group_size": 23,
        "delta_aut": 5.476210002393415,
        "scale": 3.247706289310838e-10,
        "per_generator": {
          "T1": {
            "n_samples": 16,
            "delta_max": 0.3898933112213339,
            "delta_rms": 0.1530942804009714
          },
          "R": {
            "n_samples": 16,
            "delta_max": 0.32480468671440416,
            "delta_rms": 0.14218265347483505
          },
          "TiR": {
            "n_samples": 16,
            "delta_max": 0.0798812453014807,
            "delta_rms": 0.03062048581654879
          },
          "S": {
            "n_samples": 16,
            "delta_max": 5.476210002393415,
            "delta_rms": 1.8927285663783813
          }
        },
        "factor_vs_H": 0.010112850633442267
      }
    },
    "seconds": 10.081647396087646,
    "language": "Larger finite Poincar\u00e9 periodization of hybrid multi near-kernel. Engineering residual, not certified Maass form."
  }
}