{
  "language": "Partial Arb assembly: tet vol/hT certified positive; y^{-1},y^{-3} integrals enclosed by min/max height bounds; CR mid/rad matrices assembled. Float D/N on mid. Not Rump / not certified N(\u03bb).",
  "mesh": {
    "N1": 4,
    "N2": 2,
    "N3": 2,
    "Y": 1.25
  },
  "n_dofs": 232,
  "n_tets": 96,
  "n_vol_positive": 96,
  "h_max_mid": 0.42086143143284666,
  "h_max_encl_upper": 0.42086143143284677,
  "worst_wQ_rel": 0.17119598195019167,
  "worst_wM_rel": 0.4766925601642986,
  "KAPPA1": 0.3311412341821403,
  "lam_N": [
    2.9486027513692497e-13,
    7.6900554340988965,
    29.718423207190394,
    33.926655598850914,
    36.08467404108801
  ],
  "lam_D": [
    16.951500143569888,
    20.15785176767733,
    46.091913560220505,
    48.47943076434507,
    49.98153787061297
  ],
  "glb_sketch_N": [
    2.9486027513692326e-13,
    6.690728365870563,
    18.842453372306913,
    20.450804018352002,
    21.21562086873749
  ],
  "brackets": [
    [
      1,
      2.9486027513692497e-13,
      16.951500143569888
    ],
    [
      2,
      7.6900554340988965,
      20.15785176767733
    ],
    [
      3,
      29.718423207190394,
      46.091913560220505
    ],
    [
      4,
      33.926655598850914,
      48.47943076434507
    ],
    [
      5,
      36.08467404108801,
      49.98153787061297
    ]
  ],
  "interval_residual": {
    "mid_norm": 4.512417921861029e-14,
    "rad_norm": 8.953026029283734,
    "encl_norm": 8.953026029283759
  },
  "Q_rad_fro": 1.632672814546813,
  "M_rad_fro": 0.005077434648509939,
  "seconds": 0.1948251724243164,
  "status": "YELLOW",
  "hard_map_note": "counting_certified remains false"
}